name,lat,lng,dist_text,dura_text,dist_value,dura_value
阿坝藏族羌族自治州,31.905511577266523,102.2314154617502,1443.2公里,16.9小时,1443213.0,60731.0
阿克苏地区,41.175029860077494,80.26694348473501,4004.6公里,45小时,4004592.0,161833.0
阿拉尔市,40.55326389470603,81.28735422539545,4054.2公里,46小时,4054168.0,165506.0
阿拉善盟,38.85827588305696,105.73537746449358,1471.1公里,15.7小时,1471073.0,56494.0
阿勒泰地区,47.850727870101956,88.14792620373525,3683.5公里,40.5小时,3683521.0,145858.0
阿里地区,32.50686601763335,80.11277692192645,5579公里,71.9小时,5578976.0,258933.0
安康市,32.69051277057377,109.03560108265745,626.5公里,7.3小时,626505.0,26199.0
安庆市,30.53095656804304,117.0636039049188,344.1公里,4.2小时,344126.0,15008.0
安顺市,26.25925237871499,105.95441712388904,1129.6公里,13.2小时,1129630.0,47544.0
安阳市,36.10594098401491,114.3995004217743,673.3公里,7.2小时,673332.0,25799.0
鞍山市,41.11505359694933,123.00137251399408,1764.8公里,19.3小时,1764831.0,69540.0
澳门,22.53615142365805,114.0688464555682,1059.8公里,12.2小时,1059826.0,43826.0
巴彦淖尔市,40.7493594895728,107.39439808372492,1652.6公里,17.2小时,1652617.0,61939.0
巴音郭楞蒙古自治州,41.770287330450394,86.15171386533258,3468.6公里,39.3小时,3468619.0,141468.0
巴中市,31.872888585956545,106.7515853031645,893.7公里,10.4小时,893672.0,37416.0
白城市,45.62550435999602,122.8455906084976,2218.3公里,23.9小时,2218253.0,85924.0
白沙黎族自治县,19.231378733012683,109.45747066911305,1648公里,18.7小时,1647977.0,67240.0
白山市,41.93962720532889,126.42963008937572,2091.5公里,23.3小时,2091536.0,83906.0
白银市,36.55082533041454,104.14445082834351,1442.3公里,15.7小时,1442263.0,56692.0
百色市,23.90818593429596,106.62458932565384,1292.2公里,13.9小时,1292173.0,50043.0
蚌埠市,32.921523704350825,117.39551332813694,472.3公里,5.6小时,472338.0,20030.0
包头市,40.66292878826139,109.84654350721243,1503.5公里,17.1小时,1503535.0,61736.0
宝鸡市,34.368915642869986,107.24457536704041,909.4公里,10.3小时,909359.0,37238.0
保定市,38.879987768455344,115.47146383768579,1023.2公里,10.7小时,1023211.0,38555.0
保山市,25.139038793265964,99.17727328581788,2039.5公里,24.8小时,2039511.0,89428.0
保亭黎族苗族自治县,18.646909955375843,109.70348151429985,1724.1公里,19.9小时,1724101.0,71551.0
北海市,21.48683649576942,109.12653321256599,1329.8公里,14.6小时,1329833.0,52453.0
北京市,39.91092454729957,116.4133836971231,1151公里,12.4小时,1150992.0,44526.0
北屯市,47.33886454910664,87.84346630198361,3644.6公里,40小时,3644598.0,144091.0
本溪市,41.492916460552905,123.69250712420832,1822.8公里,19.9小时,1822832.0,71623.0
毕节市,27.290215083425952,105.2985887950112,1180.9公里,13.4小时,1180867.0,48197.0
滨州市,37.3881961960769,117.9774040171467,994.6公里,10.7小时,994601.0,38609.0
亳州市,33.850642695788835,115.78446321127451,511.2公里,5.9小时,511246.0,21277.0
博尔塔拉蒙古自治州,44.9121964134647,82.07291475827435,3776.2公里,42.6小时,3776154.0,153411.0
沧州市,38.31021514110704,116.84558075595015,1021.7公里,11小时,1021653.0,39439.0
昌都市,31.14734654932703,97.17958359408598,2298.8公里,32.4小时,2298814.0,116610.0
昌吉回族自治州,44.016854159919866,87.3150016244744,3296.1公里,37.2小时,3296104.0,133900.0
昌江黎族自治县,19.303997876684264,109.06246408734344,1653.1公里,18.6小时,1653077.0,66936.0
常德市,29.037749999406877,111.70545217995836,387公里,4.9小时,386954.0,17550.0
常州市,31.815795653327843,119.98148471327892,661.9公里,8小时,661903.0,28793.0
朝阳市,41.579820864755675,120.45749949793276,1653.8公里,17.8小时,1653762.0,64184.0
潮州市,23.66262319261589,116.62947017362819,1051.3公里,11.7小时,1051265.0,42092.0
郴州市,25.77668327360186,113.02146049909462,623.1公里,7.3小时,623147.0,26304.0
成都市,30.65582187841641,104.08153351042463,1140.5公里,14小时,1140536.0,50354.0
承德市,40.957856012338034,117.9693975099668,1396.1公里,15小时,1396062.0,53850.0
澄迈县,19.74434867164637,110.01351091010905,1526.3公里,17.4小时,1526347.0,62642.0
池州市,30.67088379076453,117.49842096159624,405.3公里,4.8小时,405312.0,17162.0
赤峰市,42.261686103411606,118.89552039751949,1587.1公里,17小时,1587072.0,61361.0
崇左市,22.383117234663306,107.3715202061015,1327.2公里,14.3小时,1327245.0,51445.0
滁州市,32.26127087204081,118.3394061359658,500公里,5.9小时,500022.0,21110.0
楚雄彝族自治州,25.051773565340376,101.53441248050268,1703.3公里,20.3小时,1703283.0,73148.0
达州市,31.21430772392745,107.47459385897542,780.8公里,9.4小时,780822.0,33761.0
大理白族自治州,25.59760490545194,100.23651930044413,1869.5公里,22.5小时,1869515.0,81176.0
大连市,38.918953666785605,121.62163148459284,1928.8公里,20.9小时,1928752.0,75220.0
大庆市,46.59363317672175,125.1086576340204,2348.8公里,25.8小时,2348814.0,92835.0
大同市,40.0824687161612,113.30643625858623,1221.1公里,13.5小时,1221144.0,48742.0
大兴安岭地区,39.732555236554475,116.34862521223101,1126.8公里,11.8小时,1126802.0,42475.0
丹东市,40.00640870559368,124.3615472815908,1928.6公里,21小时,1928609.0,75552.0
儋州市,19.5271461100442,109.58745583568613,1605.2公里,18.3小时,1605178.0,65773.0
德宏傣族景颇族自治州,24.43801070275812,98.59135935611413,2175.3公里,26.7小时,2175257.0,96091.0
德阳市,31.133115003656755,104.40441936496448,1154.1公里,13.8小时,1154089.0,49579.0
德州市,37.441308454576266,116.36555674397472,899.1公里,9.7小时,899136.0,34925.0
迪庆藏族自治州,27.82518468364326,99.70952999013956,2099.8公里,23.7小时,2099803.0,85162.0
定安县,19.687119947910173,110.36553348340986,1537.1公里,17.9小时,1537062.0,64311.0
定西市,35.586832926561875,104.63242008306301,1285.8公里,14小时,1285813.0,50352.0
东方市,19.10110473128863,108.65856652679173,1691.1公里,19.1小时,1691131.0,68844.0
东莞市,23.02730841164339,113.7584204578765,1023.8公里,11.6小时,1023818.0,41615.0
东营市,37.439641826323346,118.68138493513693,1067.2公里,11.6小时,1067225.0,41918.0
鄂尔多斯市,39.61448231394889,109.787443179236,1391.3公里,15.8小时,1391299.0,57021.0
鄂州市,30.39657217331699,114.901607388271,79.8公里,1.3小时,79752.0,4573.0
恩施土家族苗族自治州,30.27793957530109,109.49459261857504,518.7公里,7.1小时,518739.0,25562.0
防城港市,21.693005289969395,108.360418838298,1316.8公里,14.4小时,1316803.0,51962.0
佛山市,23.02775875078891,113.1285121954972,1000.9公里,11.4小时,1000869.0,41174.0
福州市,26.08042942069808,119.30346983854,905.1公里,10.4小时,905126.0,37555.0
抚顺市,41.885969593056934,123.96437461561449,1833.7公里,20小时,1833744.0,72121.0
抚州市,27.954892253419565,116.36453876864373,448公里,5.3小时,447982.0,19062.0
阜新市,42.02802190131842,121.67640799865808,1692.5公里,18.8小时,1692468.0,67586.0
阜阳市,32.896060994852206,115.8204361249132,401.6公里,4.8小时,401622.0,17288.0
甘南藏族自治州,34.98913990996821,102.91758468825803,1506.7公里,17.3小时,1506684.0,62190.0
甘孜藏族自治州,30.05527884351838,101.96854674579022,1381.1公里,16.4小时,1381067.0,58865.0
赣州市,25.83517610349765,114.9405033729825,658.7公里,7.7小时,658674.0,27709.0
固原市,36.02161725801098,106.24857742607188,1136.2公里,13.5小时,1136153.0,48622.0
广安市,30.461746110678998,106.63955268233484,852.5公里,10.7小时,852486.0,38652.0
广元市,32.44161630531542,105.85042318166481,1002.5公里,11.7小时,1002525.0,41996.0
广州市,23.135336306695013,113.27143134445974,976.1公里,11小时,976064.0,39636.0
贵港市,23.11744838203753,109.60552031033306,1131.1公里,12.4小时,1131138.0,44610.0
贵阳市,26.653324822309752,106.63657676352777,1043.3公里,12.2小时,1043266.0,43824.0
桂林市,25.242885724872647,110.20354537457943,823.4公里,9.3小时,823390.0,33597.0
果洛藏族自治州,34.4771938664709,100.25159197879556,2130.1公里,24.5小时,2130060.0,88024.0
哈尔滨市,45.80882582795218,126.54161509031664,2332.3公里,25.6小时,2332306.0,92262.0
哈密市,42.82582436811265,93.52121554028506,2693.4公里,30.6小时,2693444.0,110248.0
海北藏族自治州,36.96066282412982,100.907434321456,1691.3公里,19小时,1691288.0,68532.0
海东市,36.5085110809413,102.1104440722824,1558.4公里,17.2小时,1558398.0,61750.0
海口市,20.04404943925674,110.32552547126407,1495.5公里,17.3小时,1495503.0,62175.0
海南藏族自治州,36.292102479898794,100.62662114445922,1727.5公里,19.5小时,1727545.0,70366.0
海西蒙古族藏族自治州,37.382750462527454,97.37629911601906,2075.9公里,23.8小时,2075899.0,85649.0
邯郸市,36.631262731204046,114.5456282282352,732.8公里,7.9小时,732827.0,28369.0
汉中市,33.073799907833795,107.02943020926465,841.7公里,9.9小时,841701.0,35627.0
杭州市,30.253082981693467,120.2155118037217,726.2公里,9.2小时,726175.0,33036.0
合肥市,31.82657783368689,117.23344266497664,376.7公里,4.4小时,376656.0,15960.0
和田地区,37.12044646304192,79.9285070635119,3936.5公里,43.5小时,3936496.0,156671.0
河池市,24.698911731272894,108.0914999449866,1064.6公里,11.2小时,1064624.0,40283.0
河源市,23.74968437095975,114.7074462729064,901.1公里,10.2小时,901116.0,36885.0
菏泽市,35.2394074247655,115.48754503343376,620.2公里,6.9小时,620167.0,24670.0
贺州市,24.409450902865487,111.57352631416218,914.7公里,10小时,914726.0,35977.0
鹤壁市,35.7523574114,114.30359364247649,630.6公里,6.7小时,630634.0,24236.0
鹤岗市,47.35605615768509,130.3044328986694,2727.8公里,30小时,2727830.0,108019.0
黑河市,50.25127231175014,127.53548988621854,2892.9公里,31.2小时,2892935.0,112310.0
衡水市,37.745191408077424,115.6754061376161,883.4公里,9.5小时,883362.0,34148.0
衡阳市,26.89957613918912,112.57844721325992,501.5公里,6.1小时,501526.0,21961.0
红河哈尼族彝族自治州,23.374488738364786,102.42755057757,1789.1公里,20.5小时,1789102.0,73732.0
呼和浩特市,40.848422997113474,111.75550856170946,1384.5公里,15.7小时,1384460.0,56469.0
呼伦贝尔市,49.21844647556481,119.77237049946636,2947.8公里,32.4小时,2947797.0,116483.0
葫芦岛市,40.71736443636189,120.8433983399283,1520.4公里,16.8小时,1520408.0,60369.0
湖州市,30.898963937294184,120.09451660915786,677.9公里,7.4小时,677893.0,26665.0
怀化市,27.57516090297852,110.00851426537254,676.4公里,8小时,676392.0,28788.0
淮安市,33.61629530103313,119.02148367070623,698公里,7.9小时,697957.0,28293.0
淮北市,33.961656300276324,116.8045372670298,601.1公里,6.7小时,601130.0,24253.0
淮南市,32.63184739905333,117.00638885071615,427.7公里,5小时,427693.0,18000.0
黄冈市,30.459358857618103,114.8784904841078,75.4公里,1.2小时,75372.0,4412.0
黄南藏族自治州,35.525804586515534,102.02242827807585,1608.3公里,18.3小时,1608325.0,65907.0
黄山市,29.721889786591692,118.3454372531478,513.5公里,6.1小时,513517.0,21998.0
黄石市,30.2052078489416,115.0455329089436,99.4公里,1.5小时,99371.0,5288.0
惠州市,23.116358854725593,114.42355801658171,983.4公里,11.3小时,983436.0,40671.0
鸡西市,45.300872317823895,130.97561865876668,2678.6公里,29.6小时,2678624.0,106687.0
吉安市,27.119726826070448,115.00051072001251,498.2公里,6.2小时,498186.0,22169.0
吉林市,43.84356783457924,126.55563450495481,2168公里,23.5小时,2168040.0,84605.0
济南市,36.65655420178723,117.1263994126105,847.2公里,9.3小时,847154.0,33401.0
济宁市,35.420177394529645,116.59361234853986,721.9公里,8.1小时,721913.0,29150.0
济源市,35.072907226846525,112.60858070620743,619公里,6.9小时,618997.0,24731.0
佳木斯市,46.80568999085779,130.327359092573,2669.5公里,29.1小时,2669463.0,104858.0
嘉兴市,30.750974830920143,120.76355182586005,754.6公里,8.5小时,754649.0,30663.0
嘉峪关市,39.777960147390594,98.29620384300112,2086.4公里,23.5小时,2086412.0,84510.0
江门市,22.584603880965,113.08855619524044,1057.1公里,12小时,1057119.0,43110.0
焦作市,35.22096325403899,113.24854783457334,594公里,6.7小时,593993.0,23949.0
揭阳市,23.555740488275585,116.37851218033846,1028.9公里,11.5小时,1028907.0,41294.0
金昌市,38.52582009209263,102.19460568669837,1731公里,19.7小时,1731048.0,70769.0
金华市,29.084639385513697,119.65343619052915,642.3公里,7.8小时,642306.0,28257.0
锦州市,41.10093149946208,121.13259630055519,1565.8公里,17.3小时,1565781.0,62457.0
晋城市,35.49628458647257,112.85857823132879,648.9公里,7.4小时,648925.0,26535.0
晋中市,37.69283940975971,112.75959475565928,919.3公里,10.4小时,919326.0,37383.0
荆门市,31.041732575569625,112.20639298023,237公里,2.9小时,236990.0,10264.0
荆州市,30.340842107742912,112.24552262926136,220.5公里,2.8小时,220496.0,9949.0
景德镇市,29.274247711040953,117.1845764463858,370.6公里,4.9小时,370601.0,17507.0
九江市,29.711340559079343,116.00753491163064,230.8公里,3.2小时,230779.0,11653.0
酒泉市,39.73846908071564,98.50068521606796,2069.2公里,23.3小时,2069197.0,84020.0
喀什地区,39.47609674864479,75.99639055639747,4463.8公里,50.1小时,4463829.0,180347.0
开封市,34.802885811211716,114.3145925849712,537.4公里,6小时,537432.0,21699.0
克拉玛依市,45.58567523781376,84.89590053887504,3568.8公里,41.2小时,3568752.0,148415.0
克孜勒苏柯尔克孜自治州,39.72047120487073,76.17430867621205,4422.3公里,49.4小时,4422267.0,178016.0
昆明市,24.873998150044013,102.8524483650048,1558.4公里,18.4小时,1558439.0,66318.0
拉萨市,29.650040274767733,91.12082391546393,3499公里,44.4小时,3499022.0,159956.0
来宾市,23.756546762607282,109.22745819590092,1031公里,11.3小时,1030951.0,40653.0
莱芜市,36.20884142681693,117.66659067001652,869.7公里,9.4小时,869692.0,33994.0
兰州市,36.06723469354557,103.84052119633628,1375.5公里,15.1小时,1375495.0,54425.0
廊坊市,39.54336666275853,116.69058173342549,1132.2公里,11.8小时,1132228.0,42634.0
乐东黎族自治县,18.755871493854865,109.18050798894578,1705.5公里,19.5小时,1705453.0,70259.0
乐山市,29.55794071745811,103.7725376036347,1176.7公里,14.5小时,1176692.0,52132.0
丽江市,26.860657438064884,100.23246452903452,1945.1公里,22.3小时,1945081.0,80202.0
丽水市,28.473278180563412,119.9295730584414,738.8公里,8.9小时,738846.0,32169.0
连云港市,34.60224952526725,119.22862133316609,829.1公里,9.1小时,829121.0,32814.0
凉山彝族自治州,27.88775230036972,102.27350268097021,1558.1公里,18.4小时,1558101.0,66069.0
辽阳市,41.27416129045421,123.24336640651319,1761.8公里,19.4小时,1761849.0,69762.0
辽源市,42.89405500574631,125.15042516688749,1990.9公里,21.6小时,1990936.0,77930.0
聊城市,36.462758187694114,115.99158784830445,771.8公里,8.5小时,771769.0,30723.0
林芝市,29.654042176951524,94.36805828713257,2725.6公里,44.1小时,2725619.0,158901.0
临沧市,23.89046855627851,100.09544042014869,2039公里,23.9小时,2038978.0,86122.0
临汾市,36.093741895419726,111.52553022403072,818.2公里,9.2小时,818190.0,32950.0
临高县,19.919474770278047,109.6974430148332,1547.7公里,17.7小时,1547721.0,63541.0
临夏回族自治州,35.607562183503106,103.21639056529743,1415.1公里,16.4小时,1415085.0,59024.0
临沂市,35.11067124236514,118.36353300501386,835.4公里,9.2小时,835367.0,33107.0
陵水黎族自治县,18.51233159569881,110.04446409254778,1698.2公里,19.6小时,1698193.0,70487.0
柳州市,24.331961386852413,109.43442194634564,970.7公里,10.7小时,970746.0,38637.0
六安市,31.741450815322555,116.52640966418569,301.9公里,3.8小时,301913.0,13681.0
六盘水市,26.59883310825749,104.8375546023468,1279.4公里,14.7小时,1279425.0,53082.0
龙岩市,25.08121984487168,117.02344756677536,869.5公里,9.8小时,869537.0,35176.0
陇南市,33.406620229951265,104.92857497071192,1139.6公里,13.1小时,1139593.0,47240.0
娄底市,27.703208596991587,112.00150349288418,454.7公里,5.7小时,454678.0,20616.0
泸州市,28.87766830360723,105.4485240693266,1020.9公里,12.5小时,1020889.0,44951.0
洛阳市,34.62426277921943,112.4594212983115,559.2公里,6.3小时,559159.0,22787.0
漯河市,33.5877107071022,114.02342077764726,378.7公里,4.4小时,378694.0,15927.0
吕梁市,37.524497749577115,111.15044967529184,1027.2公里,11.7小时,1027224.0,42054.0
马鞍山市,31.676265597609106,118.5135795794315,514.1公里,6小时,514050.0,21494.0
茂名市,21.66906403133209,110.931542579969,1243.9公里,13.6小时,1243904.0,48971.0
眉山市,30.082526119421054,103.85656331579456,1168.4公里,13.8小时,1168412.0,49715.0
梅州市,24.294177532206213,116.1295373761225,926.1公里,10.1小时,926117.0,36507.0
绵阳市,31.473663048745863,104.6855618607612,1112.7公里,13.4小时,1112675.0,48176.0
牡丹江市,44.55624570898632,129.63953977834691,2510.4公里,27.6小时,2510416.0,99249.0
那曲市,31.482438388454657,92.05733849817491,3168.9公里,41小时,3168878.0,147677.0
南昌市,28.68945529506072,115.86458944231659,342.7公里,4.3小时,342735.0,15337.0
南充市,30.84378250833704,106.11750261487228,931.9公里,11.5小时,931860.0,41573.0
南京市,32.064652885618464,118.80242172124584,536公里,7小时,536038.0,25153.0
南宁市,22.822606601187157,108.3734508258186,1191.9公里,13小时,1191905.0,46655.0
南平市,26.647772874203266,118.18436954814258,757公里,8.7小时,756976.0,31302.0
南通市,31.986549431200892,120.90159173866184,771公里,8.8小时,770953.0,31563.0
南阳市,32.99656220465144,112.53450131351325,396.4公里,4.6小时,396366.0,16721.0
内江市,29.58588653832045,105.06458802499719,1048.6公里,13.2小时,1048561.0,47418.0
宁波市,29.86603304586605,121.62857249434141,873.3公里,10.2小时,873253.0,36823.0
宁德市,26.67224171140857,119.55451074542827,920.5公里,10.3小时,920469.0,37253.0
怒江傈僳族自治州,25.82370741765775,98.8632883813579,2088.7公里,25.1小时,2088663.0,90412.0
攀枝花市,26.58803317333301,101.7255411709144,1753公里,20.3小时,1753037.0,73185.0
盘锦市,41.12587528873715,122.0774900902138,1651.5公里,18.2小时,1651484.0,65644.0
平顶山市,33.77205074869101,113.19952856052157,432.6公里,4.9小时,432555.0,17680.0
平凉市,35.54923205046352,106.67144234827795,1046.6公里,12.4小时,1046574.0,44728.0
萍乡市,27.6283927093972,113.8614964337543,411.4公里,5.1小时,411383.0,18535.0
莆田市,25.459865455922714,119.01452097812651,906.5公里,10.2小时,906457.0,36878.0
濮阳市,35.76759302890629,115.03559747034215,648.7公里,7小时,648673.0,25356.0
普洱市,22.830979186010275,100.97256981472799,1956.1公里,23.4小时,1956088.0,84210.0
七台河市,45.77630032154785,131.01154459102744,2715.4公里,29.6小时,2715384.0,106503.0
齐齐哈尔市,47.3599771860153,123.92457086841536,2504公里,27.5小时,2504037.0,99152.0
潜江市,30.408357932418923,112.9054740908161,154.8公里,2小时,154766.0,7339.0
黔东南苗族侗族自治州,26.589702969826032,107.98944624077879,941.3公里,11小时,941310.0,39629.0
黔南布依族苗族自治州,26.260616196073837,107.5284027057371,1017.2公里,12小时,1017169.0,43373.0
黔西南布依族苗族自治州,27.014344747084042,106.03857397725805,1103.7公里,12.8小时,1103683.0,45964.0
钦州市,21.986593539484296,108.66058016842224,1265.7公里,13.6小时,1265722.0,49033.0
秦皇岛市,39.941748102377936,119.60853063334328,1381.2公里,15.1小时,1381189.0,54418.0
青岛市,36.07222749666322,120.38945519114628,1047公里,11.3小时,1046974.0,40563.0
清远市,23.688230292088083,113.06246832527266,922.7公里,10.4小时,922744.0,37290.0
庆阳市,35.715215983562004,107.64938569595421,991.7公里,11.7小时,991671.0,42045.0
琼海市,19.26425401991763,110.4805445259504,1591公里,18.5小时,1591042.0,66624.0
琼中黎族苗族自治县,19.039163789180613,109.84451062847003,1618.6公里,18.7小时,1618581.0,67434.0
衢州市,28.975545802265025,118.86659674035565,559公里,6.9小时,558967.0,24801.0
曲靖市,25.49640693154367,103.8024348279468,1416.5公里,16.7小时,1416485.0,59973.0
泉州市,24.87995233049832,118.68244626680422,948.5公里,11小时,948460.0,39512.0
日喀则市,29.275657822511512,88.89370303482552,3663.6公里,48.1小时,3663607.0,173231.0
日照市,35.42283899843767,119.53341540456556,912.6公里,9.7小时,912606.0,35098.0
三门峡市,34.778327249459984,111.20653322387409,691.4公里,7.7小时,691412.0,27697.0
三明市,26.26973651599184,117.64552116782144,732.8公里,8.4小时,732804.0,30189.0
三沙市,30.316571904872184,112.26157741482734,222.5公里,2.8小时,222494.0,10165.0
三亚市,18.25873629174785,109.51855670139908,1765.5公里,20.4小时,1765488.0,73390.0
厦门市,24.485406605176305,118.09643549976653,968.8公里,11小时,968757.0,39663.0
山南市,29.243026939249226,91.77867513851903,3600公里,45.9小时,3600027.0,165254.0
汕头市,23.35909171772515,116.6885286405483,1075.5公里,11.9小时,1075522.0,42913.0
汕尾市,22.79126303654673,115.38155260365083,1119公里,12小时,1118962.0,43078.0
商洛市,33.87863385220776,109.92441788136406,656.3公里,7.3小时,656342.0,26172.0
商丘市,34.4202016658586,115.66244933826236,516.5公里,5.9小时,516529.0,21299.0
上海市,31.23592904225201,121.48053886017652,820.5公里,9.2小时,820484.0,33018.0
上饶市,28.46062592185173,117.94945960312224,563.9公里,6.9小时,563888.0,24800.0
韶关市,24.815881278583017,113.6035273456226,771.4公里,8.9小时,771377.0,31884.0
邵阳市,27.245270272808565,111.474432885931,548.5公里,6.6小时,548505.0,23860.0
绍兴市,30.036369311306895,120.58547847885336,778.3公里,9.5小时,778336.0,34167.0
深圳市,22.548456637984177,114.06455183658753,1058.4公里,12.1小时,1058407.0,43716.0
神农架林区,31.75049601124641,110.68252485039976,469.3公里,6.5小时,469300.0,23477.0
沈阳市,41.683830069190655,123.47109664482264,1785.6公里,19.5小时,1785621.0,70280.0
十堰市,32.63506185840116,110.80452956069568,441.1公里,5小时,441061.0,17940.0
石河子市,44.31197647806301,86.08688567193295,3401.7公里,38.7小时,3401659.0,139258.0
石家庄市,38.0483119268727,114.52153190157443,898.7公里,9.5小时,898670.0,34304.0
石嘴山市,38.98968283991508,106.39060042550491,1420.9公里,14.8小时,1420870.0,53369.0
双鸭山市,46.65318589588607,131.16534168078073,2742.4公里,29.9小时,2742398.0,107819.0
朔州市,39.337108370541735,112.4393709396677,1157.6公里,12.9小时,1157575.0,46509.0
四平市,43.171993571561,124.35648155715893,1963.9公里,21.4小时,1963938.0,77048.0
松原市,45.14740419341382,124.83148187569292,2177.4公里,23.8小时,2177434.0,85645.0
苏州市,31.30356407444177,120.59241222959322,742.8公里,8.4小时,742787.0,30369.0
绥化市,46.6600321798244,126.9753568753013,2434.5公里,26.7小时,2434469.0,96214.0
随州市,31.6965167723283,113.38945001822157,170.1公里,2小时,170082.0,7324.0
遂宁市,30.539097671109122,105.59942153064439,963.1公里,11.8小时,963107.0,42416.0
塔城地区,46.750948254373434,82.98723551840641,3874.3公里,43.6小时,3874335.0,156926.0
台州市,28.662194055996146,121.42743470427969,862.3公里,10.3小时,862281.0,36915.0
太原市,37.87698902884778,112.55639149167204,942.2公里,10.6小时,942242.0,38148.0
泰安市,36.2058580448846,117.09449483479591,817.4公里,9小时,817403.0,32374.0
泰州市,32.4606750493083,119.92956633785481,674.7公里,7.7小时,674672.0,27632.0
唐山市,39.63658372414733,118.1864594720398,1237公里,13.5小时,1237048.0,48537.0
天津市,39.093667843403956,117.2095232146708,1123.9公里,12.2小时,1123916.0,43786.0
天门市,30.669621830099484,113.17240916632808,138.2公里,1.8小时,138167.0,6608.0
天水市,34.58741188165064,105.73141674566955,1073.3公里,13小时,1073300.0,46674.0
铁岭市,42.22994799718447,123.73236520917769,1834公里,20小时,1834023.0,71915.0
通化市,41.733815801613424,125.94660627598029,2029.2公里,22.4小时,2029193.0,80585.0
通辽市,43.657980083916655,122.25052178737631,1926.2公里,20.4小时,1926247.0,73412.0
铜川市,34.902637080502906,108.95240424835922,799.5公里,9.4小时,799464.0,33798.0
铜陵市,30.951233239913392,117.8184767944575,451.8公里,5.3小时,451832.0,19194.0
铜仁市,27.73778645640524,109.19643889817664,728.3公里,8.8小时,728312.0,31776.0
图木舒克市,39.87120907742499,79.07561628689639,4222.7公里,47.5小时,4222695.0,170862.0
吐鲁番市,42.956984848771235,89.1972972460079,3077.3公里,34.8小时,3077310.0,125265.0
屯昌县,19.35737492427829,110.1085773245709,1573.9公里,18.3小时,1573908.0,65808.0
万宁市,18.800106988303387,110.39943436554806,1645.3公里,19.1小时,1645267.0,68679.0
威海市,37.516430548014796,122.12754097831323,1294.7公里,13.9小时,1294711.0,50137.0
潍坊市,36.712651551267534,119.16837791142822,1051.6公里,11.4小时,1051649.0,41036.0
渭南市,34.50571551675255,109.51658960525896,771公里,8.5小时,770994.0,30528.0
温州市,28.001085404472214,120.70647689035565,839.4公里,10.2小时,839429.0,36890.0
文昌市,19.549062083120717,110.80450870631745,1576.7公里,18.4小时,1576737.0,66117.0
文山壮族苗族自治州,23.40599429361173,104.2225689910943,1626公里,18小时,1625988.0,64851.0
乌海市,39.6620063648907,106.80039104999656,1509.1公里,15.8小时,1509092.0,56892.0
乌兰察布市,41.00074832767381,113.1394676744633,1348.3公里,14.9小时,1348264.0,53510.0
乌鲁木齐市,43.83076320429048,87.62443993536046,3264.6公里,36.8小时,3264565.0,132658.0
无锡市,31.498809732685714,120.318583288106,705.9公里,7.7小时,705923.0,27764.0
芜湖市,31.358536655799266,118.43943137653523,510.7公里,6小时,510673.0,21558.0
吴忠市,38.003712913453384,106.20537126663626,1290.6公里,14.1小时,1290609.0,50681.0
梧州市,23.48274528113516,111.28551681182014,1014.3公里,11.1小时,1014262.0,40111.0
五家渠市,44.17244451890096,87.54993663229611,3314公里,37.8小时,3314041.0,135963.0
五指山市,18.780994100706135,109.52354032070568,1691.5公里,19.4小时,1691548.0,70013.0
武威市,37.93437780815811,102.64455434036918,1632.9公里,18.7小时,1632862.0,67319.0
西安市,34.34726881662395,108.94646555063274,739.8公里,8.6小时,739811.0,30892.0
西宁市,36.62338469651661,101.78445017050856,1592.4公里,17.7小时,1592372.0,63547.0
西双版纳傣族自治州,22.013601254764165,100.80344682455635,2078公里,24.9小时,2077984.0,89587.0
锡林郭勒盟,43.93942266533856,116.05439144074572,1683.2公里,17.3小时,1683242.0,62259.0
仙桃市,30.33358775114635,113.44960935856369,101.1公里,1.5小时,101051.0,5387.0
咸宁市,29.84705594764649,114.32851909026844,92.7公里,1.6小时,92667.0,5581.0
咸阳市,34.335476293368586,108.71542245143304,764.4公里,8.9小时,764405.0,32157.0
香港特别行政,22.932238124366986,113.21182077897335,1010.5公里,11.5小时,1010548.0,41402.0
湘潭市,27.835702227135588,112.9504641807647,372.7公里,4.8小时,372658.0,17155.0
湘西土家族苗族自治州,28.317369104701186,109.74557664946684,639.8公里,7.7小时,639764.0,27668.0
襄阳市,32.014796804669224,112.12853720100244,311.4公里,3.6小时,311392.0,12999.0
孝感市,30.930689227018288,113.92251007733664,72.3公里,1.3小时,72279.0,4537.0
忻州市,38.42238338517772,112.74062416023848,1024.9公里,11.5小时,1024937.0,41539.0
新乡市,35.30963993033679,113.93360046733228,570.5公里,6.2小时,570529.0,22400.0
新余市,27.82357869778859,114.9235346513963,411公里,5.2小时,411026.0,18591.0
信阳市,32.15301454753105,114.09748283304512,210.2公里,2.7小时,210234.0,9809.0
邢台市,37.076685950966095,114.5114622561298,787.9公里,8.5小时,787859.0,30565.0
兴安盟,46.088463713218964,122.0443645258252,2309.6公里,25小时,2309645.0,89932.0
宿迁市,33.967749715690076,118.28157403570835,675公里,7.3小时,674970.0,26284.0
宿州市,33.652095326452134,116.97054394561262,560.6公里,6.3小时,560639.0,22565.0
徐州市,34.212666550113056,117.29057543439451,647.8公里,7.1小时,647762.0,25594.0
许昌市,34.04143161161871,113.85847553685501,424.8公里,4.8小时,424779.0,17115.0
宣城市,30.94660154529291,118.76553424276743,542.5公里,6.1小时,542504.0,21795.0
雅安市,30.01679254570607,103.04954262360451,1252.1公里,14.6小时,1252141.0,52688.0
烟台市,37.47003838373053,121.45441541730196,1233.3公里,13.1小时,1233336.0,47108.0
延安市,36.59111103521779,109.49658191612689,1028.6公里,11.8小时,1028607.0,42547.0
延边朝鲜族自治州,42.91574303372182,129.47737632022742,2421.5公里,26.5小时,2421539.0,95404.0
盐城市,33.3551009176262,120.167544265761,780.1公里,8.9小时,780137.0,31901.0
扬州市,32.40067693609037,119.41941890822996,614.4公里,7.2小时,614435.0,25935.0
阳江市,21.864339726138937,111.98848929181268,1192公里,13.7小时,1191980.0,49423.0
阳泉市,37.862360847859385,113.58761666287546,984公里,10.6小时,984026.0,38121.0
伊春市,47.733318457230936,128.84754638019822,2642.8公里,28.7小时,2642844.0,103326.0
伊犁哈萨克自治州,43.92272313749215,81.3305377475322,3939公里,44.9小时,3938987.0,161548.0
宜宾市,28.758007028551827,104.6494037048691,1108.9公里,13.6小时,1108873.0,48989.0
宜昌市,30.697446484492374,111.29254921035435,321.7公里,4小时,321658.0,14413.0
宜春市,27.820856421848216,114.42356367590641,429.3公里,5.4小时,429347.0,19544.0
益阳市,28.55971117848989,112.36151595471031,374.8公里,4.6小时,374754.0,16574.0
银川市,38.4924600555096,106.23849358740016,1357.6公里,14.5小时,1357573.0,52251.0
鹰潭市,28.265787063191414,117.0755754270272,490.7公里,5.8小时,490707.0,20935.0
营口市,40.67313683826707,122.24157466449694,1713.5公里,19小时,1713481.0,68277.0
永州市,26.42586411790009,111.61945505792228,629.2公里,7.1小时,629239.0,25621.0
榆林市,38.290883835484046,109.74161603381395,1234.7公里,14.3小时,1234738.0,51505.0
玉林市,22.659830509953146,110.1884531233724,1181.7公里,12.4小时,1181745.0,44765.0
玉树藏族自治州,33.010979585142735,97.01318076277326,2377.9公里,27.4小时,2377927.0,98716.0
玉溪市,24.35771094244625,102.55356029311,1636.5公里,19.1小时,1636515.0,68896.0
岳阳市,29.363178293925902,113.13548942422142,214.8公里,2.8小时,214830.0,10044.0
云浮市,22.920911970342857,112.05151269959144,1055.4公里,11.8小时,1055357.0,42356.0
运城市,35.032706912909234,111.01338945447924,745.5公里,8.8小时,745530.0,31846.0
枣庄市,34.81599404843511,117.33054194483896,727.2公里,7.9小时,727153.0,28569.0
湛江市,21.276723439012073,110.36555441392824,1324.6公里,14.4小时,1324628.0,51736.0
张家界市,29.12281556255188,110.48553254695402,485.9公里,6小时,485867.0,21744.0
张家口市,40.7732372026915,114.89257223145165,1276.8公里,13.4小时,1276802.0,48279.0
张掖市,38.93206600700493,100.45641147405634,1864.5公里,21.1小时,1864511.0,76112.0
漳州市,24.51892979117087,117.65357645298785,974.4公里,10.8小时,974376.0,38877.0
长春市,43.82195350104314,125.33060207590691,2061.3公里,22.3小时,2061252.0,80383.0
长沙市,28.234889399943643,112.94547319535287,332.9公里,4.3小时,332875.0,15437.0
长治市,36.2012683721548,113.12255886984902,737.5公里,8.5小时,737527.0,30581.0
昭通市,27.344083860246812,103.72351177196887,1352.4公里,16.7小时,1352441.0,59985.0
肇庆市,23.052888771125613,112.47148894063037,1035.6公里,11.7小时,1035626.0,42194.0
镇江市,32.19471592052375,119.43048944567384,614.1公里,7.6小时,614121.0,27248.0
郑州市,34.75343885045448,113.63141920733915,513.9公里,5.8小时,513929.0,21055.0
中山市,22.5223146707905,113.39942236263187,1063.5公里,12.4小时,1063457.0,44584.0
中卫市,37.505701418702934,105.20357090088713,1350.5公里,15.7小时,1350473.0,56446.0
重庆市,29.568996245338926,106.55843415537664,866.4公里,10.9小时,866390.0,39309.0
舟山市,29.99091168016034,122.21355631852043,955.5公里,11.2小时,955474.0,40160.0
周口市,33.6318288757022,114.7034825148233,388.6公里,4.5小时,388565.0,16183.0
珠海市,22.27656465424921,113.58255478654918,1106.4公里,12.7小时,1106398.0,45584.0
株洲市,27.833567639016447,113.14047079776428,373.7公里,4.9小时,373729.0,17530.0
驻马店市,33.01784241674367,114.02847078173271,307.3公里,3.6小时,307262.0,13134.0
资阳市,30.13495655925314,104.63443534164409,1084.4公里,13.1小时,1084394.0,47154.0
淄博市,36.81908568332188,118.06145253489895,953.1公里,10.5小时,953062.0,37771.0
自贡市,29.34558492132757,104.78444884671713,1073.1公里,13.4小时,1073073.0,48313.0
遵义市,27.731700878916666,106.93342774801829,994.8公里,11.6小时,994776.0,41655.0
